Tipo,Código,Abreviatura,Descripción,Importe,
Paquetes,CHEBA,CHEBA,CHEQUEO BASICO GENERAL,555.00,
Paquetes,CPB,CPB,CHEQUEO PRENATAL BASICO,528.00,
Paquetes,CONTDIA,CONTDIA,CONTROL DIABETICO,925.00,
Paquetes,PFH+QSC,PFH+QSC,CUIDA TU HIGADO,678.00,
Paquetes,MAM RESP,MAM RESP,MAMÁ RESPONSABLE,"1,455.00",
Paquetes,deng,deng,paquete dengue,650.00,
Paquetes,PAQJUN,PAQUETJUN,PAQUETE JUNIO,"1,120.00",
Paquetes,FWEQF,FWEQF,PAQUETE PROSTATA,460.00,
Paquetes,PAQUETE COVID,PAQUETE COVID,PAQUETE SARS-COV-2 (COVID 19),785.00,
Paquetes,PAQCOAG,PAQCOAG,PERFIL DE COAGULACION,865.00,
Paquetes,hepesp,hepesp,PERFIL HEPATICO ESPECIAL,678.00,
Paquetes,PRENAQC6,PRENAQC6,PERFIL PRENATAL COMPLETO,964.00,
Paquetes,PREOP,PREOP,PERFIL PREOPERATORIO,785.00,
Paquetes,PREOP2,PREOP2,PERFIL PREOPERATORIO QSC,925.00,
Paquetes,TOXEMICO,TOXEMICO,PERFIL TOXEMICO,"1,356.00",
Paquetes,SMAC 32,SMAC 32,QS32+EGO+CITOMETRIA HEMATICA,"1,480.00",
Paquetes,Paquete febril,Paquete febril,Qsc bh ego rf,615.00,
Perfiles,339,AC FOSFO,"AC. ANTI FOSFOLÍPIDOS IgG, IgM",805.00,
Perfiles,HP2IgGIgM,"Ac. ANTI HERPES II IgG, IgM","Ac. ANTI HERPES II IgG, IgM","1,065.00",
Perfiles,582,ANTIPLAQUETAS,AC. ANTI PLAQUETAS (AC. AUTOLOGAS Y ALOGENICAS),"2,320.00",
Perfiles,553,ACSARAM,Acs. Anti Sarampión IgG e IgM,"1,138.00",
Perfiles,571,AC ANT CITO  P y C ANCA,ANTICUERPOS ANTI CITOPLASMA DE NEUTROFILOS (P y C ANCA),875.00,
Perfiles,GFH,ANA2,ANTICUERPOS ANTI NUCLEARES (ANA),685.00,
Perfiles,ANTIRO,ANTIRO,ANTICUERPOS ANTI TIROIDEOS,930.00,
Perfiles,ANTITB,ANTI TUBERCULOSIS,ANTICUERPOS ANTI TUBERCULOSIS,896.00,
Perfiles,92126,AC ANTIPLAQUETARIOS,ANTICUERPOS ANTIPLAQUETARIOS,"2,835.00",
Perfiles,1602,HELY,ANTICUERPOS DE HELICOBACTER PYLORI EN SANGRE,"1,065.00",
Perfiles,ATD5,ATD5,ANTIDOPING (5 DROGAS),520.00,
Perfiles,ATD3,ATD3,ANTIDOPING 3 DROGAS,435.00,
Perfiles,1735,PSATL,ANTÍGENO PROSTÁTICO ESPECÍFICO TOTAL Y LIBRE,775.00,
Perfiles,BILIS,BILIS,BILIRRUBINAS,265.00,
Perfiles,900,VET-BH EQUINOS,BIOMETRIA EQUINOS,168.00,
Perfiles,2072,CVVIH1,CARGA VIRAL VIH,"3,020.00",
Perfiles,CHEMET,CHEMET,CHEQUEO METABOLICO,545.00,
Perfiles,3629-ORTH,CINH,CINETICA DE HIERRO,"1,110.00",
Perfiles,22941,cis,Cistatina C y Tasa de filtrado,"1,175.00",
Perfiles,001,CH-CAN,CITOMETRIA CANINO,170.00,
Perfiles,145,CH- BOV,CITOMETRIA HEMATICA BOVINO,170.00,
Perfiles,45,CH,CITOMETRIA HEMATICA COMPLETA,170.00,
Perfiles,17,CITO,CITOQUIMICO EN LIQUIDO ORGANICOS,"1,165.00",
Perfiles,COPROL,COPROL,COPROLOGICO,415.00,
Perfiles,CPS123,CPS123,"COPROPARASITOSCOPICO 1, 2 Y 3 MUESTRAS",405.00,
Perfiles,0310,CULTIOTICO,CULTIVO OTICO DERECHO,495.00,
Perfiles,0310,CULTOTICO,CULTIVO OTICO IZQUIERDO,495.00,
Perfiles,58,cur120,Curva de tolerancia a la glucosa (120 min),428.00,
Perfiles,DENGUE,DENGUE,DENGUE IgG e IgM NS1,618.00,
Perfiles,62,DEPUCREATI24HRS,DEPURACION CREATINA EN ORINA 24 HRS,248.00,
Perfiles,27,DNANDC,DNA NATIVO DE DOBLE CADENA,618.00,
Perfiles,ELECTROFORESIS,ELEHEM,ELECTROFORESIS DE HEMOGLOBINA,"3,248.00",
Perfiles,68,efp,Electroforesis de proteínas,690.00,
Perfiles,69,ELE,"Electrolitos séricos 3 (Na, K, Cl",505.00,
Perfiles,06,ELECTRO,Electrolitos sericos 6,988.00,
Perfiles,14685464,Espermatobioscopía,Espermatobioscopía,785.00,
Perfiles,83,EGO,Examen general de orina,105.00,
Perfiles,3021,ANT HEP A,"HEPATITIS ""A"" ANTICUERPOS IgG- IgM",740.00,
Perfiles,CWE,HEPATITISA,HEPATITIS A TOTALES,740.00,
Perfiles,361346,HEPATITIS B,HEPATITIS B,740.00,
Perfiles,123456,Influenza A y B,Influenza A y B,495.00,
Perfiles,998877,MARCAHEPAT,MARCADORES DE HEPATITIS A.B y C,"3,865.00",
Perfiles,0305,METP,METALES PESADOS,"3,495.00",
Perfiles,1722,MICROAL,MICROALBUMINA 24 HRS.,528.00,
Perfiles,155,PANHEP,PANEL DE HEPATITIS,"1,848.00",
Perfiles,2034,PCRHEPATITISB,PCR CARGA VIRAL DE HEPATITIS B (HBV),"4,178.00",
Perfiles,170,PCR MYCOBACT,PCR DETECCION  MYCOBACTERIUM TUBERCULOSIS,"2,050.00",
Perfiles,4425,PCRITS,PCR INFECCIOSO DE TRANSMISION SEXUAL (STI7),"3,170.00",
Perfiles,3334,PCR VIRAL RESPIRATORIO,PCR Panel viral respiratorio (16 virus),"3,730.00",
Perfiles,4729,PCRSARS-CoV-2,PCR SARS-CoV-2 (COVID-19),"1,885.00",
Perfiles,PCR22,PCR22,PCR VARIANTE,"3,730.00",
Perfiles,3235,PCRVPH,PCR VPH ALTO RIESGO,"1,995.00",
Perfiles,1678,PERFILINM,PERFIL  INMUNOGLOBULINAS,"1,020.00",
Perfiles,2421,2421,PERFIL ANDROGENOS,"1,110.00",
Perfiles,PERFCAR,PERFCAD,PERFIL CARDIACO,908.00,
Perfiles,506,PFantiANA,Perfil de antinucleares ANA,"3,138.00",
Perfiles,11,pcs,Perfil de Catecolaminas en plasma,"4,995.00",
Perfiles,PERLIP,PERLIP,PERFIL DE LIPIDOS,370.00,
Perfiles,198,PERFTORCH,PERFIL DE TORCH IgG,"1,795.00",
Perfiles,197,PERFITORCH,PERFIL DE TORCH IgG-IgM,"3,138.00",
Perfiles,199,PERTORCH,PERFIL DE TORCH IgM,"1,795.00",
Perfiles,2471,PGINE6,PERFIL GINECOLÓGICO,"1,020.00",
Perfiles,HELICO,HELICO,PERFIL HELICOBACTER PYLORI,"2,330.00",
Perfiles,PERFHEP,PERFHEP,PERFIL HEPATICO,605.00,
Perfiles,1341,PERFHFEM,PERFIL HORMONAL FEMENINO,"2,095.00",
Perfiles,1832,PERF. HFC,PERFIL HORMONAL FEMENINO COMPLETO,"2,455.00",
Perfiles,2954-ORT,PHORMMASC,PERFIL HORMONAL MASCULINO,975.00,
Perfiles,4446,PERFILPROS,PERFIL PROSTATICO II,"1,065.00",
Perfiles,PERFREU,PERFREU,PERFIL REUMATICO,555.00,
Perfiles,PTIR  419,PTIR,PERFIL TIROIDEO,865.00,
Perfiles,1688 PTIR II,PTIR II,PERFIL TIROIDEO  II,"1,155.00",
Perfiles,PERFTUM,PERFTUM,PERFIL TUMORAL FEMENINO,"3,195.00",
Perfiles,654465,PERES,PERFIL VIRAL RESPIRATORIO,805.00,
Perfiles,PRENUPCIAL INDIVIDUAL 2,PRENU2,PRENUPCIAL,435.00,
Perfiles,PRENUPCIAL 1 INDIVIDUAL,PREN,PRENUPCIAL,248.00,
Perfiles,230,PROTEINASTOTALESORINA24HRS,PROTEINAS TOTALES ORINA 24 HRS,428.00,
Perfiles,QS12,QS12,QUIMICA SANGUINEA 12 ELEMENTOS,560.00,
Perfiles,195,QS19,QUIMICA SANGUINEA 19 ELEMENTOS,785.00,
Perfiles,QS3,"QS3(GLU,UR,CR)",QUIMICA SANGUINEA 3,130.00,
Perfiles,QS32,QS32,QUIMICA SANGUINEA 32 ELEMENTOS,"1,235.00",
Perfiles,QS4,"QS4(GLU,URE,CRE,AU)",QUIMICA SANGUINEA 4,205.00,
Perfiles,QSC,"QSC6(GLU,UR,CRET,COL,TRIG,AU)",QUIMICA SANGUINEA 6,350.00,
Perfiles,QSCAN,QSC,QUIMICA SANGUINEA CANINO,338.00,
Perfiles,QSCOR,"QS (GLU,COL,TRIG)",QUIMICA SANGUINEA CORONARIA,225.00,
Perfiles,RF,RF,REACCIONES FEBRILES,148.00,
Perfiles,3513,HOMA,Resistencia a la insulina por índice HOMA,465.00,
Perfiles,RETSSS,RETSS,RETICULOCITOS,125.00,
Perfiles,COVID19,COVID19,SARS-CoV2 IgG/IgM,495.00,
Perfiles,11111,testdeOSullivan,Tamiz de O´Sullivan,338.00,
Perfiles,tametaba,tametaba,TAMIZ METABOLICO NEONATAL BÁSICO,"1,065.00",
Perfiles,11,TAMNEOAMP,TAMIZ NEONATAL AMPLIADO,"3,020.00",
Perfiles,1481,TFGSUE,TASA DE FILTRADO GLOMERULAR EN SUERO,338.00,
Perfiles,31272,TFGORI,TASA DE FILTRADO GLOMERULAR ORINA,435.00,
Perfiles,564,TP,TIEMPO DE PROTROMBINA,158.00,
Perfiles,VIHPV4CG,VIHPV4CG,VHI Cuarta generación,395.00,
Perfiles,11102022,CHINKUN,VIRUS CHINKUNGUYA,875.00,
Perfiles,11102022,ZIKA,VIRUS ZIKA,"2,365.00",
Perfiles,2531,VITB12FOLATOS,VITAMINA B12 Y FOLATOS,"1,008.00",
Perfiles,4424-OTH,VPH HR14 GENOTIPOS,VPH HR14 GENOTIPOS DE ALTO RIESGO,"2,855.00",
Perfiles,23131313131,WESTERNBLOT,WESTERN BLOT,"3,248.00",
Pruebas,Desaturac,Desaturac,% DE SATURACION,0.00,
Pruebas,3493,DESOXI,11- Desoxicortisol,0.00,
Pruebas,416,17ALFAHIDROXI,17 ALFA HIDROXI-PROGESTERONA (17aOHP4),440.00,
Pruebas,417,17aOHP4NEO,17 ALFA HIDROXI-PROGESTERONA NEONATAL (17aOHP4NEO),0.00,
Pruebas,1,17OHP,17 Alfa hidroxiprogesterona,475.00,
Pruebas,4372,17hidroxip,17 hidroxipregenenolona,0.00,
Pruebas,1788,hidroi,17 HIDROXIPROGESTERONA NEONATAL,0.00,
Pruebas,185,ACANTI,AC. ANTI AMEBA IgG (SERAMEBA),0.00,
Pruebas,ANTICAR,ANTICARDIO,AC. ANTI CARDIOLIPINA IgG,0.00,
Pruebas,ANTICARD,ANTICARDI,AC. ANTI CARDIOLIPINA IgM,0.00,
Pruebas,636,Chikungun,Ac. Anti Chikungunya IgG,815.00,
Pruebas,CHIKU,CHIKU,Ac. Anti Chikungunya IgM,840.00,
Pruebas,217,ChlamIgG,Ac. Anti Chlamydia trachomatis IgG,0.00,
Pruebas,297,DNA,AC. ANTI DNA*,750.00,
Pruebas,2323,AcAntiEndomesiales,Ac. Anti Endomesiales,740.00,
Pruebas,PERF,FOSFIgG,AC. ANTI FOSFOLÍPIDOS IgG,0.00,
Pruebas,PERF-2339,FOSFIgM,AC. ANTI FOSFOLÍPIDOS IgM,0.00,
Pruebas,2162,AcAntiGliIgAIgG,Ac. Anti Gliadinas IgA IgG,"1,008.00",
Pruebas,350,HPYLORIIgG,AC. ANTI HELICOBACTER PYLORI IgG,555.00,
Pruebas,383,IIHERPESIgG,AC. ANTI HERPES II IgG,955.00,
Pruebas,258,HERPESIgM,AC. ANTI HERPES II IgM,0.00,
Pruebas,1794,ANTIJO,AC. ANTI JO-1 (POLIMIOSITIS),618.00,
Pruebas,436,ANTIMITOCON,AC. ANTI MITOCONDRIA,730.00,
Pruebas,446,ANTIMUSCU,AC. ANTI MUSCULO LISO,630.00,
Pruebas,0602,ANTITUBERCULOSIS,AC. ANTI MYCOBACTERIUM TUBERCULOSIS,0.00,
Pruebas,2130,ANAIFI,AC. ANTI NUCLEARES POR INMUNOFLUORESCENCIA (ANA IFI),685.00,
Pruebas,2102,CCP,AC. ANTI PEPTIDO CICLICO CITRULINADO (CCP),"1,020.00",
Pruebas,2319,AcAntiRecTSH,Ac. Anti Receptor TSH,"1,435.00",
Pruebas,585,SSA,AC. ANTI SSA,555.00,
Pruebas,TIRO,TRIO,AC. ANTI TIROGLOBULINA TOTAL,710.00,
Pruebas,599,ACANTIRO,AC. ANTI TIROGLOBULINA TOTALES,710.00,
Pruebas,601-ORTH,TPO,AC. ANTI TIROPEROXIDASA (TPO),"1,140.00",
Pruebas,2159,AcAntisTranstisIgAIgG,"Ac. Anti Transglutaminasa tisular IgA, IgG","1,505.00",
Pruebas,425,ACANMICROSOMALESTOT,AC. ANTI. MICROSOMALES TOTALES,0.00,
Pruebas,595,SSB,ac.anti SSB,435.00,
Pruebas,ACI ASPA B,ACIASPA,ACIDO ASPARGICO,0.00,
Pruebas,0801,ACFOL,ACIDO FOLICO,0.00,
Pruebas,ACI GLUTA B,ACIGLUTA,ACIDO GLUTAMICO,0.00,
Pruebas,AURIC,AURIC,ACIDO URICO,80.00,
Pruebas,sdc,gs,ÁCIDO ÚRICO URINARIO,80.00,
Pruebas,6554,ACU24,ACIDO URICO URINARIO 24 HR,280.00,
Pruebas,77,aCIDOVALPROICO,ÁCIDO VALPROICO (DEPAKENE) (ATEMPERATOR),0.00,
Pruebas,3334,ADENOVIRUS,ADENOVIRUS HUMANO,0.00,
Pruebas,2,adre,Adrenalina en plasma,"1,110.00",
Pruebas,46416631,ARGNN,AGININA,0.00,
Pruebas,ALANI B,ALANI,ALANINA,0.00,
Pruebas,ALANINA,ALANINA,ALANINA,0.00,
Pruebas,24,alb,ALBUMINA,85.00,
Pruebas,1722-OPP,ALB24O,ALBÚMINA EN  ORINA DE 24 HRS.,0.00,
Pruebas,1722-PP,MICROAL,ALBÚMINA URINARIA,0.00,
Pruebas,59,ahl,Alcohol etílico en suero,388.00,
Pruebas,70,Aldolasa,Aldolasa,358.00,
Pruebas,81,Ald,Aldosterona en suero,995.00,
Pruebas,148,AIE,Alérgeno individual especial,0.00,
Pruebas,1006,Alfaantitripsina,Alfa - 1 antitripsina,0.00,
Pruebas,97,ALFA1ANTITRIPSINA,ALFA 1 ANTITRIPSINA,"1,035.00",
Pruebas,105-ORT,AFP,ALFAFETOPROTEINA,455.00,
Pruebas,08,ALTFEL,ALT FELINO,0.00,
Pruebas,100,ALUMINIOENSUERO,ALUMINIO EN SUERO,"1,295.00",
Pruebas,AEF,AEF,AMIBA EN FRESCO,150.00,
Pruebas,ami,ami,AMILASA,248.00,
Pruebas,151,AM,AMONIO,248.00,
Pruebas,163-OR,ANDFEM,ANDROSTENEDIONA,495.00,
Pruebas,163-MASC-OTH,ANDROS,ANDROSTENEDIONA,0.00,
Pruebas,0405,ANTIB,ANTI BORRELIA ,"1,065.00",
Pruebas,1183,HELIIGM,ANTI HELICOBACTER PILORY IgM,555.00,
Pruebas,HCV,HCV,ANTI HEPATITIS C TOTAL,648.00,
Pruebas,ANTI RNA,ANTIRNA,ANTI RNA,"1,205.00",
Pruebas,ANTITRY,ANTITRY,ANTI TRYPANOSOMA CRUZI,650.00,
Pruebas,ASO,ASO,ANTI-ESTREPTOLISINA O,160.00,
Pruebas,ANTICENTROMERO,ANTICENTROMERO,ANTICENTROMERO,780.00,
Pruebas,ANTILUP,ANTILUPICO,ANTICOAGULANTE CIRCULATORIO LUPICO,0.00,
Pruebas,ANTIMIELO,ANTIMIELO,ANTICUERPO INMUNOHISTOQUIMICO MIELOPEROXIDASA MPO,0.00,
Pruebas,023PRIS,HPYLORI,ANTICUERPOS  DE HELICOBACTER PYLORI IgA,555.00,
Pruebas,1992,GAD65,ANTICUERPOS ANTI ÁCIDO GLUTÁMICO DESCARBOXILASA (GAD-65),0.00,
Pruebas,2362,ANTIACTINA,ANTICUERPOS ANTI ACTINA (IgG),0.00,
Pruebas,57,AcAntiAgCoreHepaIgM,"ANTICUERPOS ANTI Ag ""CORE"" HEPATITIS B IgM",0.00,
Pruebas,57,AcAntiAgCoreIgM,"ANTICUERPOS ANTI Ag ""CORE"" HEPATITIS B IgM",0.00,
Pruebas,59,acAntihepaCpresun,ANTICUERPOS ANTI HEPATITIS C (PRUEBA PRESUNTIVA),0.00,
Pruebas,425,PEROXI,ANTICUERPOS ANTI MICROSOMALES TOTALES (PEROXIDASA),495.00,
Pruebas,498,ANA,ANTICUERPOS ANTI NUCLEARES (IgG),685.00,
Pruebas,3465464,P31,Anticuerpos anti P 31,0.00,
Pruebas,65456412,P51,Anticuerpos anti P 51,0.00,
Pruebas,56456,P55,Anticuerpos anti P 55 (GAG),0.00,
Pruebas,6542324,P66,Anticuerpos anti P 66,0.00,
Pruebas,574,Sm,ANTICUERPOS ANTI SMITH IgG (Sm),555.00,
Pruebas,65,TIRO,ANTICUERPOS ANTI TIROGLOBULINA (COLOIDE TIROIDEO),0.00,
Pruebas,ANTITBS,ANTITBS,ANTICUERPOS ANTI TUBERCULOSIS IgG,0.00,
Pruebas,ANTITB,ANTITB,ANTICUERPOS ANTI TUBERCULOSIS IgM,0.00,
Pruebas,ZIKA,ZIKA,"ANTICUERPOS ANTI ZIKA IgM, IgG","2,398.00",
Pruebas,921216,TB,"ANTICUERPOS ANTITUBERCULOSIS (IgG,IgM,IgA)","1,008.00",
Pruebas,11102022,IGGZIKA,ANTICUERPOS IGG,0.00,
Pruebas,11102022,IGMZIKA,ANTICUERPOS IGM,0.00,
Pruebas, SCL-70 ,SCL70,ANTICUERPOS SCL-70 (ESCLERODERMIA (TOPOISOMERASA),"1,038.00",
Pruebas,53,AGEHB,"ANTIGENO ""E"" DE HEPATITIS B (AGEHB)",0.00,
Pruebas,54,australia,"ANTIGENO ""S"" DE HEPATITIS B (AUSTRALIA)",0.00,
Pruebas,5465,agaviario,Antigeno Aviario,"1,725.00",
Pruebas,1205,CA724,ANTIGENO CA 72-4,780.00,
Pruebas,631,CA125,ANTIGENO CA-125,555.00,
Pruebas,632,CA153,ANTIGENO CA-15-3,575.00,
Pruebas,ANTIGENO CA-19-9,CA199,ANTIGENO CA-19-9,540.00,
Pruebas,611-ORT,ACE,ANTIGENO CARCINOEMBRIONARIO,388.00,
Pruebas,2132,CYFRA21,ANTIGENO CYFRA 21,905.00,
Pruebas,FPSA,FPSA,ANTIGENO ESPECIFICO DE PROSTATA FRACCION LIBRE,388.00,
Pruebas,HE4,HE4,ANTIGENO HE4,"2,280.00",
Pruebas,PSA,PSA,ANTIGENO PROSTATICO ESPECIFICO (PSA),388.00,
Pruebas,2301,PSL,ANTIGENO PROSTATICO LIBRE,525.00,
Pruebas,agcovid,agcovid,Antígeno SARS-CoV-2 (NASOFARINGEO),495.00,
Pruebas,1968,VONWILLEBRAND,ANTÍGENO VON WILLEBRAND,740.00,
Pruebas,APLOHES,APLOHES,APLOTIPOS DE HEMOGLOBINA S,"5,245.00",
Pruebas,ARGININA,ARGININA,ARGININA,0.00,
Pruebas,ARGI B,ARGI,ARGININA,0.00,
Pruebas,0305,ARS,ARSENICO,880.00,
Pruebas,09,ASTFEL,AST FELINO,0.00,
Pruebas,AZURE,AZURE,AZUCARES REDUCTORES,248.00,
Pruebas,BAAR 1,BAAR,BAAR 1 MUESTRA,135.00,
Pruebas,BAAR 2,BAAR2,BAAR 2,135.00,
Pruebas,BAAR3,BAAR3,BAAR3,135.00,
Pruebas,54,B2MO,Beta 2 microglobulina en orina,978.00,
Pruebas,624,BETA2MICROGLO,BETA 2 MICROGLOBULINA EN SUERO,780.00,
Pruebas,BD,BD,BILIRRUBINA DIRECTA,95.00,
Pruebas,06,BILDCAN,BILIRRUBINA DIRECTA CANINO,0.00,
Pruebas,BT,BT,BILIRRUBINA TOTAL,95.00,
Pruebas,05,BILTCAN,BILIRRUBINA TOTAL CANINO,0.00,
Pruebas,05,BILTFEL,BILIRRUBINA TOTAL FELINO,0.00,
Pruebas,BIOPQX,BIOPQX,BIOPSIA,"2,050.00",
Pruebas,2149,biopprostata,BIOPSIA  DE PRÓSTATA,"1,795.00",
Pruebas,BIO,BIOAPE,BIOPSIA APENDICE,"1,795.00",
Pruebas,337,BIOPCH,BIOPSIA CHICA,"1,460.00",
Pruebas,BIOB,BIOB,BIOPSIA DE CÉRVIX,"1,795.00",
Pruebas,BIOCOLO,BIOCOLO,BIOPSIA DE COLON,"2,050.00",
Pruebas,Biopsiaendometrio ,Biopsiae,Biopsia de endometrio,"1,795.00",
Pruebas,0123458025,BIOPENDO,BIOPSIA DE ENDOMETRIO,"1,795.00",
Pruebas,BIOMAMA,BIOMAMA,BIOPSIA DE GLÁNDULA MAMARIA,"2,530.00",
Pruebas,7894,BIOPIEL,BIOPSIA DE PIEL (FRAGMENTO DE TEJIDO),"1,795.00",
Pruebas,BIO,BIO,BIOPSIA DE SIGMOIDES RESIDUAL Y APENDICE,"3,220.00",
Pruebas,0603,BIOENDO,BIOPSIA ENDOSCOPICA,"1,120.00",
Pruebas,10102020,BIOPFRAGMA,BIOPSIA FRAGMENTO DE MAMA,"1,795.00",
Pruebas,2308,BIOPGRAN,BIOPSIA GRANDE,"1,850.00",
Pruebas,340,BIOPMEDIANA,BIOPSIA MEDIANA,"1,680.00",
Pruebas,2057-OTH,BIOPESP,BIOPSIA ORGANO ESPECIAL,"3,025.00",
Pruebas,2100,BIOPSIA,BIOPSIA PIEZA ESPECIAL,"2,775.00",
Pruebas,2153,BIOPARAFINA,BIOPSIA REVISION DE BLOQUE DE PARAFINA,"1,600.00",
Pruebas,BIOPUTE,BIOPUTE,BIOPSIA UTERO,"2,915.00",
Pruebas,BIOVESI,BIOVESI,BIOPSIA VESÍCULA BILIAR,"1,795.00",
Pruebas,BIOTINIDASA,BIOTINIDASA,BIOTINIDASA,0.00,
Pruebas,171,BUN,BUN,0.00,
Pruebas,ORT24,ANCA7PR3,c-ANCA/PR3 (PROTEINASA 3),0.00,
Pruebas,C0 ,C0,C0,0.00,
Pruebas,C10,C10,C10,0.00,
Pruebas,C10:1 ,C101,C10:1,0.00,
Pruebas,C10:2,C102,C10:2,0.00,
Pruebas,C12 ,C12,C12,0.00,
Pruebas,C14 ,C14,C14,0.00,
Pruebas,C14 HIDROXI,C14HIDROXI,C14 HIDROXI,0.00,
Pruebas,C14:1 ,C141,C14:1,0.00,
Pruebas,C14:2 ,CC14,C14:2,0.00,
Pruebas,C14:2 TETRADECADIENOIL,C142,C14:2 TETRADECADIENOILCARNITINA,0.00,
Pruebas,C16,C16,C16,0.00,
Pruebas,C16 HIDROXI,C16OH,C16 HIDROXI,0.00,
Pruebas,C16:1,C161,C16:1,0.00,
Pruebas,C18,C18,C18,0.00,
Pruebas,C18 HIDROXI,C18HIDROXI,C18 HIDROXI,0.00,
Pruebas,C18:1,C181,C18:1,0.00,
Pruebas,C18:1 HIDROXI,C181HIDROXI,C18:1 HIDROXI,0.00,
Pruebas,C18:2 ,C182,C18:2,0.00,
Pruebas,C2 ,C2,C2,0.00,
Pruebas,C3,C3,C3,0.00,
Pruebas,C3DCC4,C3DCC4OH,C3-DC-C4-OH MALONILCARNITINA/3 -HIDROXI-BUTIRILCARNITINA,0.00,
Pruebas,C4 ,C4,C4,0.00,
Pruebas,C4DC5OH,C4DC5OH,C4 DICARBOXILICO-C5 OH,0.00,
Pruebas,C5,C5,C5,0.00,
Pruebas,C5- DICARBOXILICO,C5DICARBOXILICO,C5-DICARBOXILICO,0.00,
Pruebas,C5:1,CC51,C5:1,0.00,
Pruebas,C6,C6,C6,0.00,
Pruebas,C6- DICARBOXILICO,C6DICARBOXILICO,C6-DICARBOXILICO,0.00,
Pruebas,C8,C8,C8,0.00,
Pruebas,0305,CD,CADMIO,880.00,
Pruebas,CA S,CAS,CALCIO,168.00,
Pruebas,calor,calor,calcio en orina 24 hrs,180.00,
Pruebas,646468,CALUR24,CALCIO EN ORINA DE 24 HRS.,180.00,
Pruebas,3-ORT,Cal,CALCITONINA,650.00,
Pruebas,3003,CPLPH,Calprotectina (HCP,740.00,
Pruebas,9,TIBC,CAPACIDAD TOTAL DE FIJACION DE HIERRO (TIBC),430.00,
Pruebas,10,carba,Carbamacepina (Tegretol),505.00,
Pruebas,2072,CVVIH,CARGA VIRAL VIH,0.00,
Pruebas,183,CARIOS,CARIOTIPO EN SANGRE PERIFERICA (CON FOTOGRAFIA),0.00,
Pruebas,14,CLE,CELULAS L.E.,336.00,
Pruebas,ERHYSERW,RTHWS,CERTIFICADO,150.00,
Pruebas,1217,ceruro,Ceruloplasmina en suero,855.00,
Pruebas,3007,CHLAMY,CHLAMYDIA TRACHOMATIS,0.00,
Pruebas,15,ciclo,Ciclosporina,"1,328.00",
Pruebas,Cistatina,Cistatina,Cistatina C,"1,295.00",
Pruebas,CISTE B,CISTE,CISTEINA,0.00,
Pruebas,10001,CITOBALIQ,CITOLOGIA EN BASE LIQUIDA,715.00,
Pruebas,16,CMF,CITOLOGIA MOCO FECAL,250.00,
Pruebas,PIM4128CT,PIM4128CT,CITOLOGIA URETRAL (PAPANNICOLAOU),0.00,
Pruebas,IgGCMV ,IgGCMV,CITOMEGALOVIRUS IgG,585.00,
Pruebas,IgMCMV ,IgMCMV,CITOMEGALOVIRUS IgM,585.00,
Pruebas,cdv,dsfgvsd,CITRATO EN ORINA DE 24 HRS,920.00,
Pruebas,2199,2199,Citrato en orina de 24 hrs.,0.00,
Pruebas,CITRULINA,CITRULINA,CITRULINA,0.00,
Pruebas,CITRU B,CITRU,CITRULINA ,0.00,
Pruebas,23,CLONA,Clonazepan en suero (Rivotril),"1,150.00",
Pruebas,26,clo,Cloro en orina,180.00,
Pruebas,25,cl,CLORO SÉRICO,195.00,
Pruebas,234654,cuorina,Cobre en orina,715.00,
Pruebas,COEFAT,COEFAT,COEFICIENTE ATEROGÉNICO,0.00,
Pruebas,34,col,COLESTEROL,95.00,
Pruebas,04,COLCAN,COLESTEROL CANINO,0.00,
Pruebas,31,CHDL,Colesterol de alta densidad (HDL),235.00,
Pruebas,32,CLDL,Colesterol de baja densidad (LDL),235.00,
Pruebas,04,COLFEL,COLESTEROL FELINO,0.00,
Pruebas,COLVLDL,COLVLDL,COLESTEROL VLDL,235.00,
Pruebas,37,ci,Complejos inmunes,550.00,
Pruebas,38,cc3,Complemento C-3,250.00,
Pruebas,39,cc4,Complemento C-4,250.00,
Pruebas,13,cc5,Complemento C-5,248.00,
Pruebas,40,ch50,Complemento hemolítico 50%,755.00,
Pruebas,42,Coomi,Coombs indirecto,325.00,
Pruebas,41-ORT,cdrh,COOMS DIRECTO (Ac. Anti Rh eritrocitarios),325.00,
Pruebas,COPRO,COPRO,COPROCULTIVO,495.00,
Pruebas,43,cps1,Coproparasitoscópico 1,138.00,
Pruebas,44,CPS2,Coproparasitoscópico 2,138.00,
Pruebas,45,CPS3,Coproparasitoscópico 3,138.00,
Pruebas,3334,CORO229E,CORONAVIRUS 229E,0.00,
Pruebas,COR,COR,CORTISOL,290.00,
Pruebas,CPK-MB,CPKMB,CPK-MB,618.00,
Pruebas,48,CPK,Creatinfosfoquinasa (CPK),308.00,
Pruebas,03,CREATCAN,CREATININA CANINO,0.00,
Pruebas,53,CRUR24,CREATININA EN ORINA DE 24 Hrs.,270.00,
Pruebas,03,CREAFEL,CREATININA FELINO,0.00,
Pruebas,50,CRE,Creatinina sérica,60.00,
Pruebas,9489419,CRUR,CREATININA URINARIA,0.00,
Pruebas,55,CrioglOb,Crio globulinas,238.00,
Pruebas,CROMO,CRM,CROMO EN SUERO,"1,425.00",
Pruebas,CHGC,CHGC,CUANTIFICACION BETA GONADOTROFINA CORIONICA,455.00,
Pruebas,CULTIVODEEXP,CULTIVODEEXP,CULTIVO DE EXPECTORACION,495.00,
Pruebas,CULHO,CULHO,CULTIVO DE HONGOS,495.00,
Pruebas,CULL,CUL,CULTIVO DE LESION,495.00,
Pruebas,1001,CULTIVLIQ,CULTIVO DE LIQUIDO,495.00,
Pruebas,CULLIQ,CULLIQ,CULTIVO DE LIQUIDOS,520.00,
Pruebas,CULTIBAC,CULTIBAC,CULTIVO MICOBACTERIA TUBERCULOSIS,"1,038.00",
Pruebas,01230,CULTOTIC,CULTIVO OTICO,495.00,
Pruebas,60-ORT,DEHIDRO,DEHIDROEPIANDROSTERONA (DHEA),500.00,
Pruebas,61,DHEAS,Dehidroepiandrosterona sulfato (DHEA-S),588.00,
Pruebas,DHEA,DHEA,DESHIDROEPIANDROSTERONA,588.00,
Pruebas,63,DHL,Deshidrogenasa láctica (DHL),175.00,
Pruebas,HLAB27,HLAB27,Detección Antígeno HLA B-27,"2,800.00",
Pruebas,DEV01,DEV01,DEVOLUCIÓN DE VENTA,0.00,
Pruebas,65,DFE,Difenilhidantoina (Fenitoína),445.00,
Pruebas,66,dig,Digoxina,505.00,
Pruebas,BB,DIMER,DIMERO D,780.00,
Pruebas,EKG,EKG,ELECTROCARDIOGRAMA,455.00,
Pruebas,ELEHEM,ELEHEM,ELECTROFORESIS DE HEMOGLOBINA,"3,228.00",
Pruebas,786,NSE,ENOLASA NEURONAL ESPECIFICA,"1,358.00",
Pruebas,73,EOSIMO,Eosinófilos en moco nasal,180.00,
Pruebas,ESPERCUL,ESPERCUL,ESPERMOCULTIVO,495.00,
Pruebas,77,e2,Estradiol (E2),335.00,
Pruebas,78,esnc,Estriol sérico no conjugado,378.00,
Pruebas,ET,ET,ESTROGENOS TOTALES,455.00,
Pruebas,EXFAR,EXFAR,EXUDADO FARINGEO,495.00,
Pruebas,EXUNAS,EXUNAS,EXUDADO NASAL,495.00,
Pruebas,EXUOT,EXUOT,EXUDADO OCULAR,495.00,
Pruebas,EXUURE,EXUURE,EXUDADO URETRAL,495.00,
Pruebas,EXUVAG,EXUVAG,EXUDADO VAGINAL,495.00,
Pruebas,EXUVUL,EXUVUL,EXUDADO VULVAR,495.00,
Pruebas,85,FR,Factor reumatoide,190.00,
Pruebas,1771,FACTORCOAGULACION,FACTOR VIII DE LA COAGULACION,370.00,
Pruebas,2250,FACWILLE,Factor Von Willebrand (función)*,"2,205.00",
Pruebas,FENILA B,FENILAL,FENILALANINA,0.00,
Pruebas,FENILALANINA,FENILALANINA,FENILALANINA,0.00,
Pruebas,86,fen,Fenobarbital,635.00,
Pruebas,87,Ferriti,FERRITINA,650.00,
Pruebas,88,FIB,FIBRINOGENO,458.00,
Pruebas,0304,FGPRUEBAINDIVIDUAL,FILTRADO GLOMERULAR,0.00,
Pruebas,92,FOSACID,Fosfatasa acida total,315.00,
Pruebas,93,FOSAPSA,Fosfatasa acida/fracción prostática,435.00,
Pruebas,95,alp,Fosfatasa alcalina (ALP),185.00,
Pruebas,10,ALKFEL,FOSFATASA ALCANINA FEL,0.00,
Pruebas,96,fosfo,Fosfolípidos,260.00,
Pruebas,9733,FOSFUR24,FOSFORO EN ORINA DE 24 Hrs.,0.00,
Pruebas,97,PHOS,Fósforo sérico,235.00,
Pruebas,1013,FRACPROS,Fracción prostática,0.00,
Pruebas,168,FRAGOSM,Fragilidad osmótica eritrocitaria,0.00,
Pruebas,100,fruc,Fructosamina,"1,025.00",
Pruebas,101,GGT,Gammaglutamil transpeptidasa (GGT),208.00,
Pruebas,104,GAST,GASTRINA,0.00,
Pruebas,67876,GeneN,Gene N,0.00,
Pruebas,221,VPH221,GENOTIPO 16 VPH,0.00,
Pruebas,222,VPH222,GENOTIPO 18 VPH,0.00,
Pruebas,223,VPH223,GENOTIPO 31 VPH,0.00,
Pruebas,224,VPH224,GENOTIPO 33 VPH,0.00,
Pruebas,225,VPH225,GENOTIPO 35 VPH,0.00,
Pruebas,226,VPH226,GENOTIPO 35 VPH,0.00,
Pruebas,227,VPH227,GENOTIPO 39 VPH,0.00,
Pruebas,228,VPH288,GENOTIPO 45 VPH,0.00,
Pruebas,228,VPH228,GENOTIPO 51 VPH,0.00,
Pruebas,229,VPH229,GENOTIPO 52 VPH,0.00,
Pruebas,2210,VPH2210,GENOTIPO 56 VPH,0.00,
Pruebas,2211,VPH2211,GENOTIPO 58 VPH,0.00,
Pruebas,2212,VPH2212,GENOTIPO 59 VPH,0.00,
Pruebas,2213,VPH2213,GENOTIPO 66 VPH,0.00,
Pruebas,2214,VPH2214,GENOTIPO 68 VPH,0.00,
Pruebas,GLICI B,GLICIN,GLICINA,0.00,
Pruebas,GLICINA,GLICINA,GLICINA,0.00,
Pruebas,globh,globh,globulinas,245.00,
Pruebas,107,GLUCG,GLUCAGON,0.00,
Pruebas,GLU,GLU,GLUCOSA,85.00,
Pruebas,GLUCOSA 6 FOSFATO DESHIDROGENASA,GLUC6FOSDESH,GLUCOSA 6 FOSFATO DESHIDROGENASA NEONATAL,0.00,
Pruebas,01,GLUCAN,GLUCOSA CAN,0.00,
Pruebas,01,GLUCFEL,GLUCOSA FELINO,0.00,
Pruebas,1018,glupost,GLUCOSA POSTPANDRIAL,85.00,
Pruebas,GLUTA B,GLUTA,GLUTAMINA,0.00,
Pruebas,08032023,GRUPOREMITIDO,GRUPO REMITIDO DE ALTO RIESGO,0.00,
Pruebas,grupo,grupo,GRUPO SANGUÍNEO,105.00,
Pruebas,120,Hapt,HAPTOGLOBINA,0.00,
Pruebas,1992,HELICO,HELICOBACTER PYLORI EN HECES,595.00,
Pruebas,FW,HEMOCULTIVO,HEMOCULTIVO,"1,178.00",
Pruebas,HEMOGLOBINA A,ELEHEMO,HEMOGLOBINA A,0.00,
Pruebas,HEMOGLOBINA A2,ELEHE,HEMOGLOBINA A2,0.00,
Pruebas,HEMOGLOBINA C,ELHEM,HEMOGLOBINA C,0.00,
Pruebas,HEMOGLOBINA D,ELHM,HEMOGLOBINA D,0.00,
Pruebas,HEMOGLOBINA F,EHEMO,HEMOGLOBINA F,0.00,
Pruebas,HEMOGLOBINA G,ELECHEM,HEMOGLOBINA G,0.00,
Pruebas,HBAIC,HBAIC,HEMOGLOBINA GLUCOSILADA,388.00,
Pruebas,HEMOGLOBINA S,ELECHEMO,HEMOGLOBINA S,0.00,
Pruebas,132,HIDROP,HIDROXIPROLINA,0.00,
Pruebas,133,FE,HIERRO SERICO,235.00,
Pruebas,HISTI B,HISTI,HISTIDINA,0.00,
Pruebas,HOMOCISTEÍNA,HOMOC,HOMOCISTEÍNA,715.00,
Pruebas,22000,CXHERN,Honorarios cirugia,"26,880.00",
Pruebas,134,ACTH,HORMONA ADRENOCORTICOTRÓFICA,575.00,
Pruebas,4439-Hormona MULERIANA,4439HMULERIAN,Hormona anti muleriana AMH/MIS,"1,780.00",
Pruebas,137,HORMONACRECIMIENTO,HORMONA DE CRECIMIENTO,435.00,
Pruebas,TSH1,TSH1,HORMONA ESTIMULANTE DE TIROIDES (TSH),200.00,
Pruebas,139-OR,FSH,HORMONA FOLICULO ESTIMULANTE (FSH),275.00,
Pruebas,139-MSC-O,FSHMAS,HORMONA FOLICULO ESTIMULANTE (FSH),0.00,
Pruebas,141-MSC-O,HLMAS,HORMONA LUTEINIZANTE (HL),0.00,
Pruebas,141-OR,HL,HORMONA LUTEINIZANTE (HL),275.00,
Pruebas,HORMONA PARATIROIDEA ,hpt,HORMONA PARATIROIDEA ,0.00,
Pruebas,PDLIPIDOS,INAT,INDICE ATEROGENICO,0.00,
Pruebas,LIPQS32,INALIPQS,INDICE ATEROGENICO,0.00,
Pruebas,PDCP2,PDCP2,ÍNDICE DE CASTELLI II,0.00,
Pruebas,IPSAL,IPSAL,INDICE DE PSA LIBRE,0.00,
Pruebas,INSHOMAIR,INSHOMAIR,INDICE HOMA-IR,380.00,
Pruebas,shs,shs,INDUCCIÓN DE DREPANOCITOS,200.00,
Pruebas,3334,INFLUENB,INFLUENZA B,0.00,
Pruebas,144,IgA,INMUNOGLOBULINA A,438.00,
Pruebas,146,IgG,INMUNOGLOBULINA G,370.00,
Pruebas,147,IgM,INMUNOGLOBULINA M,348.00,
Pruebas,145,IgE,INMUNOGLOBULINAS E,425.00,
Pruebas,INMUNOTRIPSINA,INMUNOTRIPSINA,INMUNOTRIPSINA REACTIVA NEONATAL,0.00,
Pruebas,INS,INS,INSULINA,428.00,
Pruebas,8,ISODHL,Isoenzimas de deshidrogenasa láctica (LDH),"1,638.00",
Pruebas,LEUCINA+ISOLEUCINA,LEUISO,ISOLECINA/LEUCINA,0.00,
Pruebas,LEU+ISO B,LEUCINAISOLEUCINA,LEUCINA + ISOLEUCINA,0.00,
Pruebas,160,LIP,LIPASA SERICA,325.00,
Pruebas,LISI B,LISI,LISINA,0.00,
Pruebas,164,LIT,LITIO SERICO,0.00,
Pruebas,165,MG,MAGNESIO SERICO,235.00,
Pruebas,2 MERCAPTO ETANOL,MERCET,MERCAPTO ETANOL,"1,038.00",
Pruebas,0305,MERC,MERCURIO,880.00,
Pruebas,334,METANEU,METAPNEUMOVIRUS,0.00,
Pruebas,METIO B,METIO,METIONINA,0.00,
Pruebas,METIONINA,METION,METIONINA,0.00,
Pruebas,169,MORF,MORFINA,0.00,
Pruebas,RXM,RXM,MUÑECA AP Y LAT,0.00,
Pruebas,3007,MYCOGENITA,MYCOPLASMA GENITALIUM,0.00,
Pruebas,3007,MYCOHOMINIS,MYCOPLASMA HOMINIS,0.00,
Pruebas,3007,NEISSERIA,NEISSERIA GONORRHOEAE,0.00,
Pruebas,NS1,NS1,NS1,505.00,
Pruebas,ORNITINA ,ORNITINA,ORNITINA,0.00,
Pruebas,ONITI B,ORNITI,ORNITINA,0.00,
Pruebas,175,OSMO,OSMOLARIDAD SERICA,0.00,
Pruebas,176,OSMOURI,OSMOLARIDAD URINARIA,0.00,
Pruebas,OXCAL24,OXCAL24,Oxalato en orina de 24 hrs.,"1,385.00",
Pruebas,157,OXIURO,OXIURO,0.00,
Pruebas,ORT24-2,ANCAMPO,p-ANCA/MPO (MIELOPEROXIDASA),0.00,
Pruebas,CCD,DCDC,PAGO DE EQUIPO GENIUS KT6200,"12,938.00",
Pruebas,PAPLI,PAPLI,PAPANICOLAO EN BASE LIQUIDA,708.00,
Pruebas,PAP,PAP,PAPANICOLAOU (CITOLOGIA CERVICO – VAGINAL),395.00,
Pruebas,3334,PARAINFLU2,PARAINFLUENZA 2,0.00,
Pruebas,3334,PARAINFLU3,PARAINFLUENZA 3,0.00,
Pruebas,3334,PARAINFLUE4,PARAINFLUENZA 4,0.00,
Pruebas,gresg,gsrgbs,PARATOHORMONA,650.00,
Pruebas,895,895,PATRÓN DE INMUNOFLUORESCENCIA,0.00,
Pruebas,98987465,CHLAM,PCR CHLAMYDIA,"2,360.00",
Pruebas,170,PCRDMBTB,PCR DETECCION MYCOBACTERIUM TUBERCULOSIS,0.00,
Pruebas,PCRUL,PCRUL,PCR ULTRASENSIBLE,648.00,
Pruebas,PF4128,PINF4128,PCR VIRUS DE PAPILOMA HUMANO 1,0.00,
Pruebas,3235,PCRVPH,PCR VPH,"1,425.00",
Pruebas,4424,PCRVPH14,PCR VPH 14 GENOTIPOS DE ALTO RIESGO,"2,880.00",
Pruebas,392-ORTHIN,PATERADN,PCR-PRUEBA DE PATERNIDAD (EN PADRE E HIJO)*,"5,825.00",
Pruebas,178-OR,PEPC,PEPTIDO C,478.00,
Pruebas,2849,paa,Perfil Alergico (40 elementos),"4,275.00",
Pruebas,PDT2,PDT2,PERFIL DE TORCH 2,"2,325.00",
Pruebas,TUMF,TUMF,PERFIL TUMORAL FEMENINO,"2,330.00",
Pruebas,03042023,PESO,PESO,0.00,
Pruebas,0405,PMODIUM,PLASMODIUM (GOTA GRUESA),100.00,
Pruebas,0305,PL,PLOMO,880.00,
Pruebas,222,PORFO,PORFOBILINOGENO ORINA 24 HRS.,0.00,
Pruebas,219,K,POTASIO,195.00,
Pruebas,220,KUR,POTASIO URINARIO,0.00,
Pruebas,0815,CULPRE,PRELIMINAR DE CULTIVO 24 HRS,616.00,
Pruebas,223,PRIMID,PRIMIDONA (MYSODINE),0.00,
Pruebas,FRWE,PNAU,PRO BNP,"1,810.00",
Pruebas,PTC,PROCAL,PRO-CALCITONINA,940.00,
Pruebas,PROGE,PROGE,PROGESTERONA,330.00,
Pruebas,225,PROL,PROLACTINA,430.00,
Pruebas,PROLINA,PROLINA,PROLINA,0.00,
Pruebas,PCR,PCR,PROTEINA C REACTIVA,180.00,
Pruebas,PROT-S,PROTS,PROTEINAS TOTALES,158.00,
Pruebas,PIE,PIE,PRUEBA INMUNOLOGICA DE EMBARAZO,129.00,
Pruebas,RXTOB,RXTOB,RC TOBILLO AP Y LATERAL,650.00,
Pruebas,ALBCRE,ALBCRE,RELACIÓN ALBUMINA CREATININA,0.00,
Pruebas,240,REN,RENINA,0.00,
Pruebas,RET,RET,RETICULOCITOS,130.00,
Pruebas,11223344,REVILA,REVISION DE LAMINILLA,520.00,
Pruebas,3334,RINOVIRUS,RINOVIRUS  ABC-HRV,0.00,
Pruebas,ROSA DE BENGALA,RDB,ROSA DE BENGALA,520.00,
Pruebas,RUBEOIGG,RUBEOIGG,Rubéola  IgG,590.00,
Pruebas,UK,ETYJ,RX COLUMNA LUMBAR,778.00,
Pruebas,SOC,SOC,SANGRE OCULTA EN HECES,215.00,
Pruebas,7766,Accuabti,SARS-CoV-2 IgM/IgG CUANTIFICACION,"1,035.00",
Pruebas,VSG,VSG,SEDIMENTACION GLOBULAR,115.00,
Pruebas,SERI B,SERI,SERINA,0.00,
Pruebas,NA,NA,SODIO,195.00,
Pruebas,215,cd4,SUBPOBLACION DE LINFOCITOS CD4 CD8,"3,080.00",
Pruebas,SUCCINILACETONA,SUCCINILACETONA,SUCCINILACETONA,0.00,
Pruebas,TUC,TUC,T-UPTAKE CAPTACION,0.00,
Pruebas,T3L,T3L,T3 LIBRE (TRIYODOTIRONINA LIBRE),200.00,
Pruebas,T3T,T3T,T3 TOTAL (TRIYODOTIRONINA),230.00,
Pruebas,T4LI,T4LI,T4 LIBRE (TIROXINA LIBRE),265.00,
Pruebas,T4T,T4T,T4 TOTAL (TIROXINA TOTAL),200.00,
Pruebas,T4Y,T4Y,T4 YODO,0.00,
Pruebas,TACCRES,TACCRES,TAC CRANEO SIMPLE,"3,235.00",
Pruebas,TAC,TACC,TAC CRANEO SIMPLE Y CONTRASTADA NÚCLEO DE DIAGNOSTICO,"3,625.00",
Pruebas,03042023,03042023,TALLA,0.00,
Pruebas,HSRE,HSRT,TELE DE TORAX,0.00,
Pruebas,256-OR,TEST,TESTOSTERONA TOTAL,455.00,
Pruebas,256-MS-O,TESTMS,TESTOSTERONA TOTAL,0.00,
Pruebas,TESLI,TESLI,TESTOTERONA LIBRE,455.00,
Pruebas,TGO,TGO,TGO,158.00,
Pruebas,TGP,TGP,TGP,158.00,
Pruebas,TDC,TDC,TIEMPO DE COAGULACION,95.00,
Pruebas,TDS,TDS,TIEMPO DE SANGRADO,95.00,
Pruebas,TPT,TPT,TIEMPO PARCIAL DE TROMBOPLASTINA,155.00,
Pruebas,271-ORT,TIROGLO,TIROGLOBULINA,405.00,
Pruebas,TIRO B,TIROSI,TIROSINA,0.00,
Pruebas,TIROSINA,TIROSINA,TIROSINA,0.00,
Pruebas,TL,TL,TIROXINA LIBRE,410.00,
Pruebas,T4 NEONATAL,T4NEONATAL,TIROXINA NEONATAL,0.00,
Pruebas,TOMA,TOMA,TOMA,0.00,
Pruebas,TOMADB,TOMADB,TOMOGRAFÍA CONTRASTADA DE ABDOMEN,0.00,
Pruebas,TOXOIGG,TOXOIGG,TOXOPLASMA IgG,590.00,
Pruebas,TOXOIGM,TOXOIGM,TOXOPLASMA IgM,590.00,
Pruebas,279,Transferrina,TRANSFERRINA,388.00,
Pruebas,TRAS,TRAS,TRASLADO TOMA,120.00,
Pruebas,tra,trsalado,TRASLADO TOMA DE MUESTRA,0.00,
Pruebas,TREONI B,TREONI,TREONINA,0.00,
Pruebas,13072022,FTA,TREPONEMA PALLIDUM,725.00,
Pruebas,3007,TRICHO,TRICHOMONAS VAGINALIS,0.00,
Pruebas,TRI,TRI,TRIGLICERIDOS,95.00,
Pruebas,15,TRIGCAN,TRIGLICERIDOS CANINO,0.00,
Pruebas,14,TRIGFEL,TRIGLICERIDOS FELINO,0.00,
Pruebas,3720,TROP,TROPONINA I DE ALTA SENSIBILIDAD,850.00,
Pruebas,TSH NEONATAL,TSHN,TSH NEONATAL,0.00,
Pruebas,TUB,TUBER,TUBERCULOSIS,930.00,
Pruebas,US4D,US4D,ULTRASONIDO 4D,0.00,
Pruebas,USGOB,USGOB,ULTRASONIDO OBSTETRICO,648.00,
Pruebas,USGPROS,USGPROS,ULTRASONIDO PROSTATICO,778.00,
Pruebas,USGEM,USGEM,ULTRASONIDO RIÑON,975.00,
Pruebas,URE,URE,UREA,60.00,
Pruebas,02,UREACAN,UREA CANINO,0.00,
Pruebas,172,DEPUURE,UREA DE 24 Hrs,295.00,
Pruebas,02,UREAFEL,UREA FELINO,0.00,
Pruebas,3007,UREAPARVU,UREAPLASMA PARVUM,0.00,
Pruebas,3007,UREAUREALY,UREAPLASMA UREALYTICUM,0.00,
Pruebas,URG1,URG1,URGENCIA 1,115.00,
Pruebas,UROCUL,UROCUL,UROCULTIVO,495.00,
Pruebas,USGAB,USGAB,USG ABDOMINAL,715.00,
Pruebas,USGABD,USGABD,USG ABDOMINAL,715.00,
Pruebas,USGGINECOLOGICO,USGGINECOLOGICO,USG GINECOLOGICO,650.00,
Pruebas,NBFG,SYNJ,USG OBSTETRICO DOMINGO,778.00,
Pruebas,452,uren,usg renal y vias urinas,648.00,
Pruebas,MED,USG,USG TESTICULAR,778.00,
Pruebas,0011334466,USGPE,USG. PELVICO,525.00,
Pruebas,VALINA,VALINA,VALINA,0.00,
Pruebas,VALI B,VALIN,VALINA,0.00,
Pruebas,22OM,22OM,VARIANTE  ÓMICRON (B.1.1.529),0.00,
Pruebas,B.1.1.7,22VA,VARIANTE ALPHA (B.1.1.7),0.00,
Pruebas,22BG,22BG,VARIANTE BETA O GAMMA (B.1.351 O P.1),0.00,
Pruebas,22DE,22DE,VARIANTE DELTA (B.1.617.2),0.00,
Pruebas,VDRL,VDRL,VDRL,140.00,
Pruebas,23S,VHS2IgG,VHS2IgG,805.00,
Pruebas,23S-,VHS2,VHS2IgM,0.00,
Pruebas,3334,VIRUSSINCITIALB,VIRUS SINCIAL RESPIRATORIO B,0.00,
Pruebas,65874984,RSV,VIRUS SINCITIAL RESPIRATORIO,560.00,
Pruebas,3334,VIRUSSINCIA,VIRUS SINCITIAL RESPIRATORIO A,0.00,
Pruebas,291,VITB12,VITAMINA B12,555.00,
Pruebas,1101 VITAMINA D (25-HIDROXI),VITAMINA,VITAMINA D (25-HIDROXI),"1,295.00",
Pruebas,4618,VITD3,VITAMINA D3,"1,180.00",
Pruebas,WETB,WETB,WESTERN BLOT,"3,235.00",
Pruebas,WE,YODOBUTANOLICO,YODO BUTANOLICO,0.00,
Pruebas,YP,YP,YODO PROTEÍCO,0.00,
Pruebas,ZINC,ZN,ZINC EN SUERO,620.00,
